first_name,email
Bendix,bsevior0@e-recht24.de
Anny,astoffers1@unblog.fr
Boycie,bbowsher2@archive.org
Meagan,mhalversen3@w3.org
Gerhard,gniccolls4@over-blog.com
Putnam,pdrane5@toplist.cz
Sharl,sshelley6@quantcast.com
Glenda,gsmylie7@over-blog.com
Wilhelmine,wgrigg8@t-online.de
Fonz,fsnasel9@altervista.org
Mollee,megella@exblog.jp
Orel,obrandoneb@squidoo.com
Leah,lglencrosc@yahoo.com
Alair,afairpoold@com.com
Shepherd,smoscrope@sourceforge.net
Timmie,tschwerinf@ucsd.edu
Binni,bgressg@nps.gov
Nataniel,nhuddlesh@mapquest.com
Aleksandr,adomnini@bloglines.com
Morgun,mlyddiattj@cbslocal.com
Keefe,kbeadellk@goodreads.com
Zechariah,zchristoffersenl@toplist.cz
Catrina,cwhytockm@comcast.net
Lonni,lhurchn@nasa.gov
Karyl,kbearsmoreo@nyu.edu
Salaidh,stinghillp@eventbrite.com
Tonia,tcrosgroveq@usatoday.com
Othilie,olodovichir@timesonline.co.uk
Park,phaddrells@angelfire.com
Martelle,mmathewst@comsenz.com
Alaine,ajeannessonu@smh.com.au
Dotty,dreanyv@tinypic.com
Brigit,broddw@skyrock.com
Reiko,rpawsonx@ebay.com
Lilly,ldomenyy@cnn.com
Oran,ostriplingz@newsvine.com
Kane,kedmunds10@pbs.org
Byrann,bsprague11@webs.com
Corinna,cmacduffie12@salon.com
Danica,dhebborn13@foxnews.com
Demetria,dgwatkin14@ifeng.com
Shirlee,srobjant15@reuters.com
Zacharia,zbrignell16@etsy.com
Ernestine,eklampt17@usgs.gov
Rhea,rconibear18@tumblr.com
Alysia,asinkings19@blogs.com
Pietro,pemanuelov1a@slideshare.net
Tedra,tbonnesen1b@slideshare.net
Zeke,zarblaster1c@joomla.org
Liz,lfelder1d@acquirethisname.com
